"label","brand","name","price","rank","ingredients","combination","dry","normal","oily","sensitive","id_product"
"Moisturizer","LA MER","Crème de la Mer","175.00","4.1","Algae (Seaweed) Extract, Mineral Oil, Petrolatum, Glycerin, Isohexadecane, Microcrystalline Wax, Lanolin Alcohol, Citrus Aurantifolia (Lime) Extract, Sesamum Indicum (Sesame) Seed Oil, Eucalyptus Globulus (Eucalyptus) Leaf Oil, Sesamum Indicum (Sesame) Seed Powder, Medicago Sativa (Alfalfa) Seed Powder, Helianthus Annuus (Sunflower) Seedcake, Prunus Amygdalus Dulcis (Sweet Almond) Seed Meal, Sodium Gluconate, Copper Gluconate, Calcium Gluconate, Magnesium Gluconate, Zinc Gluconate, Magnesium Sulfate, Paraffin, Tocopheryl Succinate, Niacin, Water, Beta-Carotene, Decyl Oleate, Aluminum Distearate, Octyldodecanol, Citric Acid, Cyanocobalamin, Magnesium Stearate, Panthenol, Limonene, Geraniol, Linalool, Hydroxycitronellal, Citronellol, Benzyl Salicylate, Citral, Sodium Benzoate, Alcohol Denat., Fragrance.",True,True,True,True,True,1
"Moisturizer","SK-II","Facial Treatment Essence","179.00","4.1","Galactomyces Ferment Filtrate (Pitera), Butylene Glycol, Pentylene Glycol, Water, Sodium Benzoate, Methylparaben, Sorbic Acid.",True,True,True,True,True,2
"Moisturizer","LA MER","The Moisturizing Soft Cream","175.00","3.8","Algae (Seaweed) Extract, Cyclopentasiloxane, Petrolatum, Glyceryl Distearate, Phenyl Trimethicone, Butylene Glycol, Hydrogenated Vegetable Oil, Cholesterol, Butyrospermum Parkii (Shea Butter), Steareth-10, Dimethicone, Glyceryl Stearate Se, Polysilicone-11, Sesamum Indicum (Sesame) Seed Oil, Medicago Sativa (Alfalfa) Seed Powder, Helianthus Annuus (Sunflower) Seedcake, Prunus Amygdalus Dulcis (Sweet Almond) Seed Meal, Eucalyptus Globulus (Eucalyptus) Leaf Oil, Sodium Gluconate, Copper Gluconate, Calcium Gluconate, Magnesium Gluconate, Zinc Gluconate, Tocopheryl Succinate, Niacin, Sesamum Indicum (Sesame) Seed Powder, Water, Citrus Aurantifolia (Lime) Peel Extract, Laminaria Digitata Extract, Crithmum Maritimum Extract, Salicornia Herbacea Extract, Plankton Extract, Chlorella Vulgaris Extract, Glycine Soja (Soybean) Seed Extract, Glycerin, Caffeine, Sea Salt/Maris Sal/Sel Marin, Micrococcus Lysate, Diethylhexyl Succinate, Adenosine Phosphate, Creatine, Hydrolyzed Algin, Isocetyl Stearoyl Stearate, Cetyl Alcohol, Sucrose, Acetyl Hexapeptide-8, Glucose Oxidase, Polyacrylamide, Acetyl Carnitine Hcl, Glucose, Caprylic/Capric Triglyceride, C13-14 Isoparaffin, Tocopheryl Acetate, Tetrahexyldecyl Ascorbate, Sodium Pca, Glycosaminoglycans, Urea, Distearyldimonium Chloride, Dipalmitoyl Hydroxyproline, Sodium Hyaluronate, Laureth-7, Lecithin, Trehalose, Polyquaternium-51, Lactoperoxidase, Hydroxypropyl Cyclodextrin, Cyanocobalamin, Pentylene Glycol, Fragrance, Disodium Edta, Bht, Citronellol, Hydroxycitronellal, Geraniol, Linalool, Limonene, Potassium Sorbate, Phenoxyethanol",True,True,True,True,True,4
"Moisturizer","SUNDAY RILEY","Luna Sleeping Night Oil","105.00","4.1","Persea Gratissima (Extra Virgin, Cold Pressed Avocado) Oil, Vitis Vinifera (Organic, Cold Pressed Concord Grape) Seed Oil, Rubus Fruticosus (Cold Pressed Blackberry) Seed Oil, Salvia Hispanica (Cold Pressed Chia) Oil, Dimethyl Isosorbide (and) Hydroxypinacolone Retinoate, Chamomilla Recutita (Matricaria) Flower Oil, Tanecetum annuum (Blue Tansy) oil, Anthemis nobilis (English Chamomile) oil, Eriocephalus punctulatus (Cape Chamomile) oil, Citrus Aurantium Amara (Neroli) Oil, Citrus Aurantium Dulcis (Blood Orange) oil, Cananga Odorata Flower (Ylang Ylang) Oil, Vetivera zizanoides (Vetiver) oil, Helianthus Annuus (Sunflower) Seed Oil (and) Rosmarinus officinalis (Rosemary) Leaf Extract, CI 61565 (Green 6), CI 60725 (Violet 2).",True,True,True,True,True,15
"Moisturizer","SK-II","R.N.A. POWER Face Cream","230.00","4.3","Water, Glycerin, Galactomyces Ferment Filtrate*, Isohexadecane, Niacinamide, Isopropyl Isostearate, Butylene Glycol, Butyrospermum Parkii (Shea) Butter, Caprylic/Capric Triglyceride, Pentylene Glycol, Dimethicone, Phytosteryl/Behenyl/Octyldodecyl Lauroyl Glutamate, Vinyl Dimethicone/Methicone Silsesquioxane Crosspolymer, Stearyl Alcohol, Sodium Acrylate/Sodium Acryloyldimethyl Taurate Copolymer, Cetyl Alcohol, Behenyl Alcohol, Panthenol, Tocopheryl Acetate, Benzyl Alcohol, Dimethiconol, Cetearyl Alcohol, Cetearyl Glucoside, Methylparaben, Peg-100 Stearate, Polymethylsilsesquioxane, Polysorbate 80, Stearic Acid, Disodium Edta, Propylparaben, Sodium Peg-7 Olive Oil Carboxylate, Ethylparaben, Sorbitan Oleate, Chlorella Vulgaris Extract, Peg-100 Stearate, Peg-7 Glyceryl Cocoate, Sodium Hydroxide, Fragrance, Acanthopanax Senticosus (Eleuthero) Root Extract, Hydrolyzed Soy Protein, Cynara Scolymus (Artichoke) Leaf Extract, Polyquaternium-7, Hydrolyzed Yeast Protein, Palmitoyl Pentapeptide-4, Methylsilanol Tri-Peg-8 Glyceryl Cocoate, Methicone, Ci 77891, Ci 77492. *Pitera™.",False,True,True,False,True,21
"Moisturizer","SK-II","GenOptics Aura Essence Serum","240.00","4.1","Water, Galactomyces Ferment Filtrate (Pitera), Niacinamide, Butylene Glycol, Triethylhexanoin, Pentylene Glycol, Glycerin, Nylon-12, Phytosteryl/Octyldodecyl Lauroyl Glutamate, Polymethylsilsesquioxane, Boron Nitride, Panthenol, PEG-20 Sorbitan Cocoate, Inositol, Caprylic/Capric Triglyceride, Mica, Phenoxyethanol, Acrylates/C10-30 Alkyl Acrylate Crosspolymer, PEG-11 Methyl Ether Dimethicone, Polyacrylamide, Aminomethyl Propanol, Undecylenoyl Phenylalanine, Benzyl Alcohol, C13-14 Isoparaffin, Disodium EDTA, Hydrolyzed Prunus Domestica, Xanthan Gum, Sodium Benzoate, Hexyldecanol, Laureth-7, Citrus Reticulata Peel Extract/Citrus Reticulata (Tangerine) Peel Extract, Methylparaben, Ascorbyl Glucoside, Prunus Mume Fruit Extract, Tocopherol, Fragrance, Limonene, Citronellol, Linalool, Geraniol, Ci 77891 (Titanium Dioxide).",True,True,True,True,True,31
"Moisturizer","LA MER","The Renewal Oil","245.00","4.2","Limnanthes Alba (Meadowfoam) Seed Oil, Dimethicone, Caprylic/Capric Triglyceride, Water, Trisiloxane, Prunus Amygdalus Dulcis (Sweet Almond) Oil, Simmondsia Chinensis (Jojoba) Seed Oil, Polydecene, Hydrogenated Polydecene, Butylene Glycol, Propanediol, Glycerin, Algae (Seaweed) Extract, Brassica Campestris (Rapeseed) Seed Oil, Helianthus Annuus (Sunflower) Seed Oil, Sesamum Indicum (Sesame) Seed Oil, Eucalyptus Globulus (Eucalyptus) Leaf Oil, Camelina Sativa Seed Oil, Oxycoccus Palustris (Cranberry) Seed Oil, Olea Europaea (Olive) Fruit Oil, Hippophae Rhamnoides Oil, Medicago Sativa (Alfalfa) Seed Powder, Helianthus Annuus (Sunflower) Seedcake, Prunus Amygdalus Dulcis (Sweet Almond) Seed Meal, Sodium Gluconate, Copper Gluconate, Calcium Gluconate, Magnesium Gluconate, Zinc Gluconate, Tocopheryl Succinate, Niacin, Sesamum Indicum (Sesame) Seed Powder, Laminaria Ochroleuca Extract, Laminaria Saccharina Extract, Hydrolyzed Algin, Sea Salt/Maris Sal/Sel Marin, Chlorella Vulgaris Extract, Salicornia Herbacea Extract, Sigesbeckia Orientalis (St. Paul'S Wort) Extract, Laminaria Digitata Extract, Rosmarinus Officinalis (Rosemary) Leaf Extract, Magnolia Officinalis Bark Extract, Yeast Extract/Faex/Extrait De Levure, Crithmum Maritimum Extract, Commiphora Mukul Resin Extract, Citrus Aurantifolia (Lime) Peel Extract, Molasses Extract/Saccharum Officinarum/Extrait De Melasse, Sucrose, Acetyl Hexapeptide-8, Acetyl Glucosamine, Caffeine, Tocopheryl Acetate, Phenyl Trimethicone, Sodium Chloride, Tetrahexyldecyl Ascorbate, Alcohol Denat., Fragrance, Hexyl Cinnamal, Linalool, Amyl Cinnamal, Geraniol, Limonene, Citral, Benzyl Benzoate, Coumarin, Citronellol, Bht, Phenoxyethanol, Yellow 5 (Ci 19140), Yellow 6 (Ci 15985)",True,True,True,True,True,54
"Moisturizer","TATCHA","The Silk Cream","120.00","4.3","Water, Saccharomyces/Camellia Sinensis Leaf/Cladosiphon Okamuranus/Rice Ferment Filtrate*, Glycerin, Propanediol, Cyclopentasiloxane, Squalane, Isononyl Isononanoate, Inositol, Sericin, Hydrolyzed Silk, Hydrolyzed Conchiolin Protein, Rubus Ellipticus Root Extract, Oryza Sativa (Rice) Germ Oil, Panax Ginseng Root Extract, Royal Jelly Extract, Thymus Serpyllum Extract, Caprylic/Capric Triglyceride, Sorbitan Stearate, Behenyl Alcohol, Stearic Acid, Hydrogenated Lecithin, Polyglyceryl-2 Triisostearate, Batyl Alcohol, Ethylhexylglycerin, Arginine, Bis-Behenyl/Isostearyl/Phytosteryl Dimer Dilinoleyl Dimer Dilinoleate, Carbomer, Xanthan Gum, Biosaccharide Gum-1, Sodium Hyaluronate, Parfum/Fragrance, Butylene Glycol, Alcohol, Phenoxyethanol. *Hadasei-3.",True,True,True,False,True,61
"Moisturizer","TATCHA","Luminous Dewy Skin Night Concentrate","110.00","4.5","Water, Glycerin, Propanediol, Squalane, Cyclopentasiloxane, Triethylhexanoin, Panax Ginseng Root Extract, Origanum Majorana Leaf Extract, Ziziphus Jujuba Fruit Extract, Thymus Serpyllum Extract, Royal Jelly Extract, Stearyl Glycyrrhetinate, Camellia Sinensis Leaf Extract, Algae Extract, Scutellaria Baicalensis Root Extract, Oryza Sativa (Rice) Germ Oil, Camellia Japonica Seed Oil, Sericin, Inositol, Glyceryl Stearate Se, Polyglyceryl-2 Diisostearate, Ppg-5-Ceteth-10 Phosphate, Sodium Lauroyl Lactylate, Sorbitan Stearate, Trideceth-12, Ethylhexylglycerin, Peg-240/Hdi Copolymer Bis-Decyltetradeceth-20 Ether, Butylene Glycol, Behenyl Alcohol, Parfum/Fragrance, Alcohol, Phenoxyethanol.",True,True,True,False,True,76
"Moisturizer","AMOREPACIFIC","FUTURE RESPONSE Age Defense Creme","195.00","4.4","Camellia Sinensis Leaf Water, Butylene Glycol, Dicaprylyl Carbonate, Caprylic/Capric Triglyceride, Glycerin, Water, Butyrospermum Parkii (Shea) Butter, Alcohol, Behenyl Alcohol, Hydrogenated Poly(C6-14 Olefin), Arachidyl Alcohol, Pentaerythrityl Tetraisostearate, Pentaerythrityl Tetraethylhexanoate, Dimethicone, Mangifera Indica (Mango) Seed Butter, Hydrogenated Polydecene, Tricholoma Matsutake Extract, Camellia Sinensis Leaf Extract, Sodium Hyaluronate, Punica Granatum Extract, Opuntia Coccinellifera Fruit Extract, Iris Florentina Root Extract, Lagerstroemia Indica Flower Extract, Gossypium Herbaceum (Cotton) Extract, Centella Asiatica Extract, Oryza Sativa (Rice) Germ Extract, Zingiber Officinale (Ginger) Root Extract, Glycine Soja (Soybean) Seed Extract, Magnolia Obovata Bark Extract, Nelumbo Nucifera Flower Extract, Camellia Sinensis Leaf Powder, Theanine, Epigallocatechin Gallate, Sorbitol, Beta-Glucan, Trisiloxane, Arachidyl Glucoside, Polyacrylate-13, Propanediol, Cyclopentasiloxane, Dimethiconol, Polyisobutene, Carbomer, Glyceryl Stearate, Peg-100 Stearate, Polysorbate 20, 1,2-Hexanediol, Caprylyl Glycol, Polyglutamic Acid, Kaolin, Ethylhexylglycerin, Triethanolamine, Disodium Edta, Phenoxyethanol, Fragrance.",True,True,True,True,True,82
"Moisturizer","FRESH","Crème Ancienne®","290.00","4.4","Limnanthes Alba (Meadowfoam) Seed Oil, Water, Cera Alba (Beeswax), Pentylene Glycol, Prunus Amygdalus Dulcis (Sweet Almond) Oil, Citrus Limon (Lemon) Peel Oil, Osmanthus Fragrans Flower Extract, Rosa Damascena Flower Water, Anthemis Nobilis Flower Oil, Ormenis Multicaulis Flower Wax, Tocopherol, Sodium Carbonate, Limonene, Citronellol, Geraniol, Citral.",True,True,True,True,True,89
"Moisturizer","LA MER","The Moisturizing Cool Gel Cream","175.00","3.3","Visit the La Mer boutique",True,True,True,True,True,102
"Moisturizer","PERRICONE MD","Cold Plasma Sub-D Firming Neck Treatment","135.00","3.8","Water, Glycolic Acid, L-Tyrosine, Dimethyl MEA (DMAE), Isopropyl Palmitate, Acetyl Carnitine HCl, Arginine, Cetearyl Alcohol, Glyceryl Stearate, PEG-100 Stearate, Phosphatidylcholine, Thioctic Acid (Alpha-Lipoic Acid), Rosa Moschata (Rosehip) Seed Oil, Vaccinium Macrocarpon (Cranberry) Seed Oil, Ceteareth-20, Caffeine, Dimethicone, BHT, Saccaromyces Ferment, Magnesium Aspartate, Zinc Gluconate, Phenoxyethanol, Rhodiola Rosea Root Extract, Caprylyl Glycol, Phytic Acid, Carnosine, Disodium EDTA, Elaeis Guineensis (Palm) Oil, Astaxanthin, Copper Gluconate, Tocotrienols, Sorbic Acid, Parfum (Fragrance), Limonene, Tocopherol, Sodium Hyaluronate, Linalool, Alanyl Glutamine.",True,True,True,True,True,104
"Moisturizer","LANCÔME","Rénergie Lift Multi-Action Night","122.00","4.3","Water, Glycerin, Prunus Armeniaca Kernel Oil, Apricot Kernel Oil, Caprylic/Capric Triglyceride, Pentaerythrityl Tetraethylhexanoate, Cetyl Alcohol, Zea Mays Starch, Corn Starch, Butyrospermum Parkii Butter, Shea Butter, Alcohol Denat., Petrolatum, Pentylene Glycol, Glyceryl Stearate, Dimethicone, Peg-40 Stearate, Cera Alba, Beeswax, Cire Dabeille, Hydroxyethylpiperazine Ethane Sulfonic Acid, Ci 14700, Red 4, Ci 19140, Yellow 5, Saccharomyces/Xylinum/ Black Tea Ferment, Hydrolyzed Linseed Extract, Hydrolyzed Soy Protein, Hydrolyzed Hyaluronic Acid, Sodium Hydroxide, Sodium Benzoate, Phenoxyethanol, Adenosine, Stearyl Alcohol, Acetyl Tetrapeptide-9, Poloxamer 338, Dimethiconol, Limonene, Xanthan Gum, Pentaerythrityl Tetra-Di-T-Butyl Hydroxyhydrocinnamate, Benzyl Alcohol, Caprylyl Glycol, Alpha-Isomethyl Ionone, Sorbitan Tristearate, Myristyl Alcohol, Geraniol, Hexyl Cinnamal, Fragrance.",True,True,True,True,True,105
"Moisturizer","ALGENIST","GENIUS Ultimate Anti-Aging Cream","112.00","4.3","Water, Caprylic/Capric Triglyceride, Hydrogentated Polyisobutene, Glycerin, Chlorella Protothecoides Oil, Dimethicone, Butylene Glycol, Glyceryl Stearate, PEG-100 Stearate, Butyrospermum Parkii (Shea) Butter, Pentylene Glycol, Potassium Cetyl Phosphate, Algae Exopolysaccharides, Vegetable Collagen, Ceramide 3, Cynara Scrolymus (Artichoke) Leaf Extract, Retinyl Palmitate, Astragalus Membranaceous Root Extract, Atractyloides Macrocephala Root Extract, Iris Florentina Root Extract, Bupleurum Falcatum Root Extract, Methyl Glucoside Phosphate Proline Lysine Copper Complex, Stearalkonium Bentonite, Acrylates/C10-30 Alkyl Acrylate Crosspolymer, Silica, Caprylyl Glycol, Sodium Hydroxide, Disodium EDTA, Ethylhexylglycerin, Cetyl Alcohol, Propylene Carbonate, Phenoxyethanol, Leuconostoc/Radish Root Ferment Filtrate, Chlorphenesin, Fragrance, Coumarin.",True,True,True,True,True,106
"Moisturizer","SK-II","GenOptics Spot Essence Serum","225.00","4.2","Water, Galactomyces Ferment Filtrate*, Butylene Glycol, Cyclopentasiloxane, Niacinamide, Triethylhexanoin, Glycerin, Pentylene Glycol, Nylon-12, Phytosteryl/Octyldodecyl Lauroyl Glutamate, Inositol, Polymethylsilsesquioxane, Boron Nitride, Caprylic/Capric Triglyceride, Panthenol, Peg-20 Sorbitan Cocoate, Dimethicone/Vinyl Dimethicone Crosspolymer, Acrylates/C10-30 Alkyl Acrylate Crosspolymer, Phenoxyethanol, Peg-11 Methyl Ether Dimethicone, Polyacrylamide, Laureth-7, Benzyl Alcohol, Aminomethyl Propanol, C13-14 Isoparaffin, Disodium Edta, Methylparaben, Hexyldecanol, Sodium Benzoate, Xanthan Gum, Ascorbyl Glucoside, Laminaria Saccharina Extract, Tocopherol, Zea Mays Oil/Zea Mays (Corn) Oil, Methicone, Ci 77492 (Iron Oxides), Ci 75130 (Beta-Carotene). *Pitera™.",True,True,True,True,True,153
"Moisturizer","DIOR","Capture Totale Dreamskin Advanced","115.00","4.3","Visit the Dior boutique",True,True,True,True,True,160
"Moisturizer","LA MER","The Moisturizing Soft Lotion","270.00","3.6","Algae (Seaweed) Extract, Petrolatum, Isocetyl Stearoyl Stearate, Butyrospermum Parkii (Shea Butter), Butylene Glycol, Cyclopentasiloxane, Dimethicone, Glyceryl Stearate, Cetyl Esters, Phenyl Trimethicone, Diethylhexyl Succinate, Cyclohexasiloxane, Cholesterol, Steareth-10, Glyceryl Stearate Se, Polysilicone-11, Sesamum Indicum (Sesame) Seed Oil, Medicago Sativa (Alfalfa) Seed Powder, Helianthus Annuus (Sunflower) Seedcake, Prunus Amygdalus Dulcis (Sweet Almond) Seed Meal, Eucalyptus Globulus (Eucalyptus) Leaf Oil, Sodium Gluconate, Copper Gluconate, Calcium Gluconate, Magnesium Gluconate, Zinc Gluconate, Tocopheryl Succinate, Niacin, Sesamum Indicum (Sesame) Seed Powder, Water, Salicornia Herbacea Extract, Sigesbeckia Orientalis (St. Paul'S Wort) Extract, Citrus Aurantifolia (Lime) Peel Extract, Sea Salt/Maris Sal/Sel Marin, Chlorella Vulgaris Extract, Hydrolyzed Rice Extract, Micrococcus Lysate, Laminaria Digitata Extract, Plankton Extract, Caffeine, Glucose Oxidase, Trehalose, Sucrose, Acetyl Hexapeptide-8, Lactoperoxidase, Hydrolyzed Algin, Glyceryl Dilaurate, Alcaligenes Polysaccharides, Isohexadecane, Caprylic/Capric Triglyceride, Dipalmitoyl Hydroxyproline, Distearyldimonium Chloride, Glycerin, Tocopheryl Acetate, Steareth-21, Polyquaternium-51, Saccharide Isomerate, Tetrahexyldecyl Ascorbate, Sodium Pca, Urea, Glucose, Polysorbate 80, Sodium Hyaluronate, Cetyl Alcohol, Alcohol Denat., Acrylamide/Sodium Acryloyldimethyltaurate Copolymer, Fragrance, Lecithin, Bht, Linalool, Citronellol, Hydroxycitronellal, Geraniol, Limonene, Benzyl Salicylate, Phenoxyethanol",True,True,True,True,True,169
"Moisturizer","SHISEIDO","Future Solution LX Total Regenerating Cream","280.00","4","Dipropylene Glycol, Glycerin, Dimethicone, Butylene Glycol, Xylitol, Piperidinepropionic Acid, Petrolatum, Mineral Oil(Paraffinum Liquidum/Huile Minerale), Diisostearyl Malate, Myristyl Myristate, Pentaerythrityl Tetrabehenate/Benzoate/Ethylhexanoate, Behenyl Alcohol, Glyceryl Stearate Se, Stearyl Alcohol, Pentaerythrityl Tetraethylhexanoate, Batyl Alcohol, Dimethicone Crosspolymer, Beheneth-20, Phenoxyethanol, Dimethylacrylamide/Sodium Acryloyldimethyltaurate Crosspolymer, Fragrance, Sorbitan Tristearate, Sodium Methyl Stearoyl Taurate, Peg/Ppg-17/4 Dimethyl Ether, Tocopheryl Acetate, Sodium Citrate, Bht, Xanthan Gum, Trisodium Edta, Sodium Metabisulfite, Linalool, Citric Acid, Sodium Metaphosphate, Iron Oxides (Ci 77492), Phytosteryl/Octyldodecyl Lauroyl Glutamate, Butylphenyl Methylpropional, Alcohol, Limonene, 2-O-Ethyl Ascorbic Acid, Alpha-Isomethyl Ionone, Citronellol, Geraniol, Benzyl Benzoate, Prunus Speciosa Leaf Extract, Angelica Acutiloba Root Extract, Iron Oxides (Ci 77491), Sanguisorba Officinalis Root Extract, Isodonis Japonicus Leaf/Stalk Extract, Camellia Sinensis Leaf Extract, Tocopherol.",True,True,True,True,True,177
"Moisturizer","LA MER","The Renewal Oil Mini","130.00","4","Limnanthes Alba (Meadowfoam) Seed Oil, Dimethicone, Caprylic/Capric Triglyceride, Water, Trisiloxane, Prunus Amygdalus Dulcis (Sweet Almond) Oil, Simmondsia Chinensis (Jojoba) Seed Oil, Polydecene, Hydrogenated Polydecene, Butylene Glycol, Propanediol, Glycerin, Algae (Seaweed) Extract, Brassica Campestris (Rapeseed) Seed Oil, Helianthus Annuus (Sunflower) Seed Oil, Sesamum Indicum (Sesame) Seed Oil, Eucalyptus Globulus (Eucalyptus) Leaf Oil, Camelina Sativa Seed Oil, Oxycoccus Palustris (Cranberry) Seed Oil, Olea Europaea (Olive) Fruit Oil, Hippophae Rhamnoides Oil, Medicago Sativa (Alfalfa) Seed Powder, Helianthus Annuus (Sunflower) Seedcake, Prunus Amygdalus Dulcis (Sweet Almond) Seed Meal, Sodium Gluconate, Copper Gluconate, Calcium Gluconate, Magnesium Gluconate, Zinc Gluconate, Tocopheryl Succinate, Niacin, Sesamum Indicum (Sesame) Seed Powder, Laminaria Ochroleuca Extract, Laminaria Saccharina Extract, Hydrolyzed Algin, Sea Salt/Maris Sal/Sel Marin, Chlorella Vulgaris Extract, Salicornia Herbacea Extract, Sigesbeckia Orientalis (St. Paul'S Wort) Extract, Laminaria Digitata Extract, Rosmarinus Officinalis (Rosemary) Leaf Extract, Magnolia Officinalis Bark Extract, Yeast Extract/Faex/Extrait De Levure, Crithmum Maritimum Extract, Commiphora Mukul Resin Extract, Citrus Aurantifolia (Lime) Peel Extract, Molasses Extract/Saccharum Officinarum/Extrait De Melasse, Sucrose, Acetyl Hexapeptide-8, Acetyl Glucosamine, Caffeine, Tocopheryl Acetate, Phenyl Trimethicone, Sodium Chloride, Tetrahexyldecyl Ascorbate, Alcohol Denat., Fragrance, Hexyl Cinnamal, Linalool, Amyl Cinnamal, Geraniol, Limonene, Citral, Benzyl Benzoate, Coumarin, Citronellol, Bht, Phenoxyethanol, Yellow 5 (Ci 19140), Yellow 6 (Ci 15985)",True,True,True,True,True,183
"Moisturizer","LANCER","The Method: Nourish","125.00","4.5","Water, Caprylic/Capric Triglyceride,Glycerin, C12-15 Alkyl Benzoate, Dimethicone, Butyrospermum Parkii (Shea) Butter, Squalane, Cetyl Alcohol, Glyceryl Stearate, PEG-100 Stearate, Stearic Acid, Dimethicone Crosspolymer, Cetyl Phosphate, Vitis Vinifera (Grape) Juice Extract, Tropaeolum Majus Extract, Persea Gratissima (Avocado) Oil, Olea Europaea (Olive) Fruit Oil, Hydrolyzed Rice Protein, Hexapeptide-48 HCl, Dipotassium Glycyrrhizate, Sodium Hyaluronate Crosspolymer, Phytosterols, Raspberry Seed Oil/Tocopheryl Succinate Aminopropanediol Esters, Polyglyceryl-4 Diisostearate/Polyhydroxystearate/Sebacate, Carbomer, Ethylhexyl Stearate, Disodium EDTA, Sodium Isostearate, Aminomethyl Propanol, Propanediol, Caprylyl Glycol, Chlorphenesin, Ethylhexylglycerin, Phenoxyethanol, Pentylene Glycol, Fragrance, Limonene.",True,True,True,True,True,185
"Moisturizer","CAUDALIE","Premier Cru Cream","140.00","4.4","Water, Butylene Glycol*, Caprylic/Capric Triglyceride*, Hydrogenated Ethylhexyl Olivate*, Cetearyl Alcohol*, Cetearyl Glucoside*, Hydrogenated Olive Oil Unsaponifiables*, Niacinamide, Sesamum Indicum (Sesame) Seed Oil*, Vitis Vinifera (Grape) Seed Oil*, Prunus Armeniaca (Apricot) Kernel Oil*, Coco-Caprylate/Caprate*, Glycerin*, Hydrolyzed Hyaluronic Acid*, Palmitoyl Grape Seed Extract*, Palmitoyl Grapevine Shoot Extract*, Hydrogenated Apricot Kernel Oil*, Helianthus Annuus (Sunflower) Seed Oil*, Palmitoyl Tripeptide-1, Palmitoyl Tetrapeptide-7*, Tocopherol*, Sodium Carboxymethyl Beta-Glucan, Adenosine, Pentaerythrityl Distearate, Potassium Cetyl Phosphate, Carbomer, Caprylyl Glycol, Sorbitan Isostearate*, Parfum (Fragrance), Ethylhexyl Palmitate, Xanthan Gum, Potassium Sorbate, Lecithin*, Tribehenin*, Sodium Hydroxide, Sodium Phytate*, Lactic Acid, Citronellol, Coumarin, Geraniol, Linalool. *Plant Origin.",True,True,True,True,True,196
"Moisturizer","SK-II","Cellumination Cream EX","160.00","4.3","Water, Galactomyces Ferment Filtrate (Pitera), Glycerin, Niacinamide, Butylene Glycol, Pentylene Glycol, Diphenylsiloxy Phenyl Trimethicone, Glycereth-25 PCA Isostearate, Dipotassium Glycyrrhizate, Ascorbyl Glucoside, Centella Asiatica Extract, Nylon-12, Sodium Hyaluronate, Saccharomyces Cerevisiae Extract, Acrylates/C10-30 Alkyl Acrylate Crosspolymer, Aminomethyl Propanol, Disodium EDTA, Xanthan Gum, Benzyl Alcohol, Sodium Benzoate, Phenoxyethanol, Methylparaben, Fragrance.",True,True,True,True,True,215
"Moisturizer","AMOREPACIFIC","MOISTURE BOUND Rejuvenating Crème","150.00","4.1","Phyllostachis Bambusoides Juice, Butylene Glycol, Water, Alcohol, Glycerin, Butylene Glycol Dicaprylate/Dicaprate, Dimethicone, Pentaerythrityl Tetraethylhexanoate, Squalane, Caprylic/Capric Triglyceride, Camellia Sinensis Leaf Extract, Cetearyl Alcohol, C14-22 Alcohols, Opuntia Coccinellifera Fruit Extract, Glycine Soja (Soybean) Seed Extract, Nelumbo Nucifera Flower Extract, Hydrolyzed Phyllostachis Bambusoides, Hydrolyzed Camellia Sinensis Leaf, Sodium Hyaluronate, Beta-Glucan, Hydroxypropyl Bispalmitamide Mea, Theanine, Camellia Sinensis Flower Extract, Kaempferol, Epigallocatechin Gallate, Xylitylglucoside, Anhydroxylitol, Xylitol, Stearyl Behenate, Cyclopentasiloxane, Cetearyl Olivate, Stearic Acid, Sorbitan Olivate, Dimethiconol, Limnanthes Alba (Meadowfoam) Seed Oil, Propanediol, Glyceryl Stearate, Peg-100 Stearate, Polyacrylate-13, C12-20 Alkyl Glucoside, Hydroxyethyl Acrylate/Sodium Acryloyldimethyl Taurate Copolymer, Polyglyceryl-3 Methylglucose Distearate, Polyisobutene, Tocopherol, Polysorbate 20, Ethylhexylglycerin, Peg-15 Pentaerythrityl Tetra(Laureth-6 Carboxylate), Phytantriol, Poloxamer 407, Inulin Lauryl Carbamate, Ammonium Acryloyldimethyltaurate/Vp Copolymer, Caffeine, Disodium Edta, Phenoxyethanol, Fragrance.",True,True,True,False,True,219
"Moisturizer","SHISEIDO","Bio-Performance LiftDynamic Cream","115.00","3.7","Water, Glycerin, Tricaprylin, Butylene Glycol, Dimethicone, Cetyl Alcohol, Glyceryl Stearate Se, Peg-100 Stearate, Myristyl Myristate, Erythritol, Peg/Ppg-14/7 Dimethyl Ether, Microcrystalline Wax(Cera Microcristallina/Cire Microcristalline), Hydrogenated Polydecene, Behenyl Alcohol, Dimethylacrylamide/Sodium Acryloyldimethyltaurate Crosspolymer, Stearyl Alcohol, Phenoxyethanol, Hydrogenated Polyisobutene, Phytosteryl Macadamiate, Talc, Methylparaben, Ethylparaben, Silica, Alumina, Disodium Edta, Sorbitan Tristearate, Tocopheryl Acetate, Caffeine, Sodium Citrate, Titanium Dioxide (Ci 77891), Fragrance, Citric Acid, Limonene, Sodium Metabisulfite, Sodium Metaphosphate, Inositol, Hexyl Cinnamal, Iron Oxides (Ci 77492), Benzyl Benzoate, Butylphenyl Methylpropional, Alcohol, Linalool, Sodium Acetylated Hyaluronate, Alpha-Isomethyl Ionone, Thymus Serpillum Extract, Iron Oxides (Ci 77491), Saccharomyces Ferment Lysate Filtrate, Citronellol, Geraniol, Panax Ginseng Root Extract, Rosmarinus Officinalis (Rosemary) Leaf Extract (Rosmarinus Officinalis Leaf Extract), Tocopherol, Bupleurum Falcatum Root Extract.",True,True,True,True,True,234
"Moisturizer","ESTÉE LAUDER","Advanced Night Repair Intensive Recovery Ampoules","115.00","4.9","Advanced Night Rpr Int Rcv Ampoule Division: El (Estee Lauder)Ingredients: Caprylic/Capric Triglyceride , Squalane , Aleurites Moluccana (Kukui) Seed Oil , Prunus Armeniaca (Apricot) Kernel Oil , Bisabolol , Garcinia Mangostana Peel Extract , Salicornia Herbacea Extract , Magnolia Officinalis Bark Extract , Salvia Hispanica Seed Extract , Anthemis Nobilis (Chamomile) Flower Extract , Rosmarinus Officinalis (Rosemary) Leaf Extract , Coffea Arabica (Coffee) Seed Extract , Helianthus Annuus (Sunflower) Seed Oil , Camelina Sativa Seed Oil , Vaccinium Myrtillus Seed Oil , Tocopheryl Acetate , Cholesterol , Linoleic Acid , Tetrahexyldecyl Ascorbate , Bht",True,True,True,True,True,239
"Moisturizer","CAUDALIE","Premier Cru Rich Cream","140.00","4.5","Water, Coco-Caprylate/Caprate*, Butylene Glycol*, Glyceryl Stearate*, Cetearyl Alcohol*, Cetearyl Glucoside*, Hydrolyzed Yeast Protein, Niacinamide, Octyldodecyl Myristate*, Pentaerythrityl Distearate, Vitis Vinifera (Grape) Seed Oil, Butyrospermum Parkii (Shea) Butter Extract*, Jojoba Esters*, Potassium Cetyl Phosphate, Polyglycerin-3, Hydrolyzed Hyaluronic Acid*, Glycerin*, Palmitoyl Grapevine Shoot Extract*, Palmitoyl Grape Seed Extract*, Sodium Carboxymethyl Beta-Glucan, Acacia Decurrens Flower Wax*, Helianthus Annuus (Sunflower) Seed Oil*, Tocopherol*, Helianthus Annuus (Sunflower) Seed Wax*, Palmitoyl Tripeptide-1, Palmitoyl Tetrapeptide-7*, Parfum (Fragrance), Ethylhexylglycerin, Caprylyl Glycol, Pentylene Glycol, Ethylhexyl Palmitate, Carbomer, Potassium Sorbate, Xanthan Gum, Tribehenin*, Sodium Phytate*, Sorbitan Isostearate*, Sodium Citrate, Arginine, Citric Acid*, Lactic Acid, Ci 77891 (Titanium Dioxide), Ci 77491 (Iron Oxides), Ci 77492 (Iron Oxides), Citronellol, Coumarin, Geraniol, Linalool. *Plant Origin.",True,True,True,True,True,276
"Treatment","LANCÔME","Advanced Génifique Youth Activating Serum","105.00","4.5","Visit the Lancôme boutique",True,True,True,True,True,587
"Treatment","LA MER","The Regenerating Serum","345.00","3.9","Water, Algae (Seaweed) Extract, Dimethicone, Hdi/Trimethylol Hexyllactone Crosspolymer, Hydrogenated Polyisobutene, Hydrogenated Vegetable Oil, Caprylic/Capric/Myristic/Stearic Triglyceride, Polysilicone-11, Peg-8 Dimethicone, Peg-10 Dimethicone, Yeast Extract/Faex/Extrait De Levure, Citrus Aurantifolia (Lime) Peel Extract, Sigesbeckia Orientalis (St. Paul'S Wort) Extract, Polygonum Cuspidatum Root Extract, Saccharomyces Lysate Extract, Sesamum Indicum (Sesame) Seed Oil, Eucalyptus Globulus (Eucalyptus) Leaf Oil, Sesamum Indicum (Sesame) Seed Powder, Medicago Sativa (Alfalfa) Seed Powder, Helianthus Annuus (Sunflower) Seedcake, Prunus Amygdalus Dulcis (Sweet Almond) Seed Meal, Sodium Gluconate, Copper Gluconate, Calcium Gluconate, Magnesium Gluconate, Zinc Gluconate, Tocopheryl Succinate, Niacin, Vitis Vinifera (Grape) Seed Extract, Rosmarinus Officinalis (Rosemary) Leaf Extract, Punica Granatum (Pomegranate) Fruit Juice, Bupleurum Falcatum Root Extract, Citrus Reticulata (Tangerine) Peel Extract, Narcissus Tazetta Bulb Extract, Mimosa Tenuiflora Bark Extract, Betula Alba (Birch) Bark Extract, Chlorella Vulgaris Extract, Humulus Lupulus (Hops) Extract, Laureth-4, Corallina Officinalis Extract, Glycine Soja (Soybean) Seed Extract, Micrococcus Lysate, Whey Protein/Lactis Protein/Proteine Du Petit-Lait, Tartaric Acid, Glycerin, Hydrolyzed Wheat Protein, Laureth-23, Butylene Glycol, Ammonium Acryloyldimethyltaurate/Beheneth-25 Methacrylate Crosspolymer, Sucrose, Coenzyme A, Acetyl Glucosamine, Caffeine, Dipalmitoyl Hydroxyproline, Linoleic Acid, Tetraacetylphytosphingosine, Alcaligenes Polysaccharides, Bifida Ferment Lysate, Pentylene Glycol, Dipotassium Glycyrrhizate, Palmitoyl Oligopeptide, Peg-8, Sorbitol, Tocopheryl Acetate, Eryngium Maritimum Extract, Sodium Hydroxide, Hydrogenated Lecithin, Hydroxypropyl Cyclodextrin, Nordihydroguaiaretic Acid, Cyclodextrin, Maltodextrin, Polymethylsilsesquioxane, Acetyl Hexapeptide-8, Glyceryl Polymethacrylate, Glycosaminoglycans, Gold, Tourmaline, Linolenic Acid, Silica, Ethylbisiminomethylguaiacol Manganese Chloride, Disodium Edta, Potassium Sorbate, Phenoxyethanol, Fragrance, Hydroxycitronellal, Linalool, Limonene, Citronellol, Geraniol, Green 5 (Ci 61570)",True,True,True,True,True,604
"Treatment","ALGENIST","GENIUS Liquid Collagen","115.00","4","Collagen, Water, Propanediol, Isononyl Isononanoate, Butylene Glycol, Glycerin, Betaine, Pentylene Glycol, Dextrin Palmitate, Collagen Amino Acids, Parachlorella Beijerinckii Exopolysaccharides, Chlorella Protothecoides Oil, Helichrysum Stoechas Extract, Cylindrotheca Fusiformis Extract, Niacinamide, Tocopherol, Palmitoyl Tripeptide-1, Palmitoyl Tetrapeptide-7, Adenosine, Helianthus Annuus (Sunflower) Seed Oil, Leuconostoc/Radish Root Ferment Filtrate, Caprylic/Capric Triglyceride, Palmitic Acid, Disodium EDTA, Carbomer, Sodium Lactate, Amodimethicone, Homosalate, Polysorbate 20, Butyl Methoxydibenzoylmethane, 1,2-Hexanediol, Caprylyl Glycol, Octocrylene, Sodium Hydroxide, Phenoxyethanol, Fragrance (Parfum), Limonene, Beta-Carotene (CI 75130).",True,True,True,True,True,606
"Treatment","LA MER","The Revitalizing Hydrating Serum","205.00","4.2","Declustered Water (-)/Aqua/Eau De-Structuree (-), Declustered Water (+)/Aqua/Eau De-Structuree (+), Butylene Glycol, Glycerin, Algae (Seaweed) Extract, Bis-Peg-12 Dimethicone, Hydrogenated Lecithin, Caprylic/Capric Triglyceride, Sucrose, Limnanthes Alba (Meadowfoam) Seed Oil, Sesamum Indicum (Sesame) Seed Oil, Medicago Sativa (Alfalfa) Seed Powder, Helianthus Annuus (Sunflower) Seedcake, Prunus Amygdalus Dulcis (Sweet Almond) Seed Meal, Eucalyptus Globulus (Eucalyptus) Leaf Oil, Sodium Gluconate, Copper Gluconate, Calcium Gluconate, Magnesium Gluconate, Zinc Gluconate, Tocopheryl Succinate, Niacin, Sesamum Indicum (Sesame) Seed Powder, Citrus Aurantifolia (Lime) Peel Extract, Commiphora Mukul Resin Extract, Codium Tomentosum Extract, Polygonum Cuspidatum Root Extract, Vitis Vinifera (Grape) Seed Extract, Humulus Lupulus (Hops) Extract, Citrus Reticulata (Tangerine) Peel Extract, Asparagopsis Armata Extract, Salicornia Herbacea Extract, Alcaligenes Polysaccharides, Glucose, Porphyridium Cruentum Extract, Sigesbeckia Orientalis (St. Paul'S Wort) Extract, Squalane, Cholesterol, Caffeine, Undaria Pinnatifida Extract, Ascophyllum Nodosum Extract, Laminaria Digitata Extract, Sea Salt/Maris Sal/Sel Marin, Castanea Sativa (Chestnut) Seed Extract, Plankton Extract, Glycine Soja (Soybean) Seed Extract, Acetyl Hexapeptide-8, Trehalose, Lactoperoxidase, Dimethicone, Lecithin, Dipotassium Glycyrrhizate, Glycine Soja (Soybean) Protein, Rosmarinus Officinalis (Rosemary) Leaf Extract, Punica Granatum (Pomegranate) Fruit Juice, Glucose Oxidase, Linolenic Acid, Hydrolyzed Rice Extract, Laminaria Saccharina Extract, Yeast Extract/Faex/Extrait De Levure, Acetyl Glucosamine, Bisabolol, Glycosaminoglycans, Ethylhexylglycerin, Sodium Pca, Tourmaline, Linoleic Acid, Sorbitol, Urea, Tocopheryl Acetate, Pentylene Glycol, Sodium Hyaluronate, Polyquaternium-51, Ethylbisiminomethylguaiacol Manganese Chloride, Hydroxypropyl Cyclodextrin, Magnesium Ascorbyl Phosphate, Nordihydroguaiaretic Acid, Sodium Hydroxide, Alcohol Denat., Carbomer, Xanthan Gum, Potassium Sorbate, Fragrance, Disodium Edta, Bht, Phenoxyethanol, Amyl Cinnamal, Hexyl Cinnamal, Benzyl Benzoate, Citronellol, Limonene, Coumarin, Linalool, Blue 1 (Ci 42090), Red 4 (Ci 14700)",True,True,True,True,True,616
"Treatment","BIOEFFECT","EGF Serum","160.00","5","Glycerin, Water, Sodium Hyaluronate, Tromethamine, Sodium Chloride, Hordeum Vulgare Seed Extract, EGF (Barley Sh-Oligopeptide-1).",True,True,True,True,True,621
"Treatment","LA MER","The Treatment Lotion","150.00","4.4","Declustered Water (+)/Aqua/Eau De-Structuree (+), Declustered Water (-)/Aqua/Eau De-Structuree (-), Algae (Seaweed) Extract, Glycerin, Methyl Gluceth-20, Bis-Peg-18 Methyl Ether Dimethyl Silane, Yeast Extract/Faex/Extrait De Levure, Sucrose, Glycereth-26, Sesamum Indicum (Sesame) Seed Oil, Medicago Sativa (Alfalfa) Seed Powder, Helianthus Annuus (Sunflower) Seedcake, Prunus Amygdalus Dulcis (Sweet Almond) Seed Meal, Eucalyptus Globulus (Eucalyptus) Leaf Oil, Sodium Gluconate, Copper Gluconate, Calcium Gluconate, Magnesium Gluconate, Zinc Gluconate, Tocopheryl Succinate, Niacin, Sesamum Indicum (Sesame) Seed Powder, Citrus Aurantifolia (Lime) Peel Extract, Glycine Soja (Soybean) Seed Extract, Laminaria Digitata Extract, Palmaria Palmata Extract, Codium Tomentosum Extract, Laminaria Saccharina Extract, Sea Salt/Maris Sal/Sel Marin, Plankton Extract, Caffeine, Polyquaternium-51, Lecithin, Butylene Glycol, Dipotassium Glycyrrhizate, Glycine Soja (Soybean) Protein, Tourmaline, Acetyl Hexapeptide-8, Glycosaminoglycans, Peg-8, Sodium Hyaluronate, Alcaligenes Polysaccharides, Sodium Pca, Urea, Ppg-5-Ceteth-20, Jojoba Wax Peg-120 Esters, Polysorbate 20, Hexylene Glycol, Pentylene Glycol, Potassium Sorbate, Trehalose, Caprylyl Glycol, Hydroxypropyl Cyclodextrin, Fragrance, Disodium Edta, Limonene, Geraniol, Linalool, Hydroxycitronellal, Citronellol, Phenoxyethanol",True,True,True,True,True,622
"Treatment","SK-II","R.N.A. POWER Anti-Aging Essence Serum","195.00","4.4","Water, Butylene Glycol, Glycerin, Galactomyces Ferment Filtrate*, Niacinamide, Pentylene Glycol, Phytosteryl/Octyldodecyl Lauroyl Glutamate, Isopropyl Isostearate, Dimethicone, Squalane, Xylitol, Vinyl Dimethicone/Methicone Silsesquioxane Crosspolymer, Boron Nitride, Panthenol, Peg-20 Sorbitan Cocoate, Tocopheryl Acetate, Dimethicone/Vinyl Dimethicone Crosspolymer, Phenoxyethanol, Benzyl Alcohol, Acrylates/C10-30 Alkyl Acrylate Crosspolymer, Dipentaerythrityl Tri-Polyhydroxystearate, Peg-11 Methyl Ether Dimethicone, Aminomethyl Propanol, Ceratonia Siliqua (Carob) Fruit Extract, Laureth-7, Methylparaben, Polymethylsilsesquioxane, Sodium Peg-7 Olive Oil Carboxylate, Xanthan Gum, Disodium Edta, Peg-100 Stearate, Peg-7 Glyceryl Cocoate, Acanthopanax Senticosus (Eleuthero) Root Extract, Fragrance, Ethylhexylglycerin, Hydrolyzed Soy Protein, Cynara Scolymus (Artichoke) Leaf Extract, Polyquaternium-7, Hydrolyzed Yeast Protein, Palmitoyl Pentapeptide-4, Methylsilanol Tri-Peg-8 Glyceryl Cocoate, Methicone, Ci 77891, Ci 77492. *Pitera™.",True,True,True,True,True,632
"Treatment","LA MER","The Perfecting Treatment","245.00","4.6","Water, Dimethicone, Isododecane, Algae (Seaweed) Extract, Polysilicone-11, Butylene Glycol, Ascorbyl Glucoside, Peg-10 Dimethicone, Ammonium Acryloyldimethyltaurate/Vp Copolymer, Sesamum Indicum (Sesame) Seed Oil, Medicago Sativa (Alfalfa) Seed Powder, Helianthus Annuus (Sunflower) Seedcake, Prunus Amygdalus Dulcis (Sweet Almond) Seed Meal, Eucalyptus Globulus (Eucalyptus) Leaf Oil, Sodium Gluconate, Copper Gluconate, Calcium Gluconate, Magnesium Gluconate, Zinc Gluconate, Tocopheryl Succinate, Niacin, Sesamum Indicum (Sesame) Seed Powder, Peg-6, Helichrysum Arenarium (Everlasting) Extract, Hordeum Vulgare (Barley) Extract/Extrait D'Orge, Laminaria Digitata Extract, Magnesium Ascorbyl Phosphate, Triticum Vulgare (Wheat) Germ Extract, Palmaria Palmata Extract, Cucumis Sativus (Cucumber) Fruit Extract, Gentiana Lutea (Gentian) Root Extract, Hydrolyzed Rice Bran Extract, Plankton Extract, Castanea Sativa (Chestnut) Seed Extract, Glycerin, Saccharomyces Lysate Extract, Corallina Officinalis Extract, Scutellaria Baicalensis Root Extract, Morus Bombycis (Mulberry) Root Extract, Molasses Extract/Saccharum Officinarum/Extrait De Melasse, Citrus Aurantifolia (Lime) Peel Extract, Mentha Viridis (Spearmint), Pelargonium Graveolens (Geranium) Flower Oil, Citrus Grandis (Grapefruit) Peel Oil, Tocopheryl Linoleate/Oleate, Sigesbeckia Orientalis (St. Paul'S Wort) Extract, Polygonum Cuspidatum Root Extract, Magnolia Officinalis Bark Extract, Yeast Polysaccharides, Laminaria Saccharina Extract, Polysorbate 20, Rosa Damascena (Rose) Flower Oil, Isohexadecane, Yeast Extract/Faex/Extrait De Levure, Propylene Glycol Dicaprate, Caprylic/Capric Triglyceride, Caffeine, Ethylhexylglycerin, Ergothioneine, Tourmaline, Acetyl Hexapeptide-8, Crithmum Maritimum Extract, Caprylyl Glycol, Sodium Hyaluronate, Polysorbate 80, Dipotassium Glycyrrhizate, Dimethoxytolyl Propylresorcinol, Acetyl Glucosamine, Methyldihydrojasmonate, Cholesterol, Hydrogenated Vegetable Oil, Squalane, Glycyrrhetinic Acid, Hexylene Glycol, Lecithin, Acrylamide/Sodium Acryloyldimethyltaurate Copolymer, Citric Acid, Tromethamine, Alcohol Denat., Disodium Edta, Bht, Phenoxyethanol, Linalool, Limonene, Citronellol, Geraniol, Red 4 (Ci 14700)",True,True,True,True,True,640
"Treatment","LANCÔME","Visionnaire Advanced Skin Corrector Serum","116.00","4.2","Water, Cyclohexasiloxane, Glycerin, Alcohol Denat., Sodium Tetrahydrojasmonate, Polysilicone-11, Octyldodecanol, Hdi/Trimethylol Hexyllactone Crosspolymer, Dipropylene Glycol, Bis-Peg/Ppg-16/16 Peg/Ppg-16/16 Dimethicone, Ci 77891, Titanium Dioxide, Mica, Secale Cereale Extract, Rye Seed Extract, Sodium Hyaluronate, Hydroxyethylcellulose, Phenoxyethanol, Adenosine, Poloxamer 338, Ammonium Polyacryldimethyltauramide, Ammonium Polyacryloyldimethyl Taurate, Dimethicone, Dimethiconol, Pentylene Glycol, Caprylic/Capric Triglyceride, Disodium Edta, Methyldihydrojasmonate, Citronellol, Inulin Lauryl Carbamate, Fragrance.",True,True,True,True,True,647
"Treatment","CAUDALIE","Premier Cru Serum","150.00","4.1","Polyphenols, Viniferine, Vine Resveratrol, Vinergy Complex, Vine Resveratrol, Micro Hylaronic Acid Complex, Grape-Seed Polyphenols, Vinolevure, Macro Hyluronic Acid, White Peony Extract.",True,True,True,True,True,660
"Treatment","DIOR","Capture Totale Dreamskin Advanced Refill","128.00","5","Visit the Dior boutique",True,True,True,True,True,670
"Treatment","BIOEFFECT","30 Day Treatment","290.00","5","Glycerin, Water, Sodium Hyaluronate, Tromethamine, Sodium Chloride, Hordeum Vulgare Seed Extract, EGF (Barley Sh-Oligopeptide-1), Il-1a (Barley Sh-Polypeptide-17), KGF (Barley Sh-Polypeptide-3).",True,True,True,True,True,672
"Treatment","TATA HARPER","Rejuvenating Serum","110.00","3.7","Aloe barbadensis Leaf Juice*, Water, Mangifera Indica (Mango) Seed Butter, Rosa damascena Flower Water*, Caprylic/Capric Triglyceride, Olea Europaea (Olive) Oil*, Galactoarabinan, Glycerin, Cetearyl alcohol, Carthamus tinctorius (safflower) Oleosomes*, Oryza sativa (Rice) Extract*, Cetearyl Olivate, Centella asiatica (Gotu Kola) Extract*, Leuconostoc Ferment Filtrate, Cetearyl glucoside, Sorbitan Olivate, Rosa Rubiginosa Seed Oil*, Salix alba (Willow) Bark Extract, Sclerotium gum, Oryza sativa (Rice) Extract*, Sodium hyaluronate, Borago officinalis (Borage) Leaf Extract, Medicago sativa (Alfalfa) Extract*, Pheonix dactylifera (Date) Seed Extract, Arnica montana (Arnica) Extract*, Sodium Phytate, Spiraea Ulmaria Flower Extract*, Tilia europaea (Linden) Leaf/Flower Extract*, Calendula officinalis (Calendula) Flower Extract*, Lavandula stoechas (Spanish Lavender) Extract, Propanediol, Narcissus tazetta (Daffodil) Bulb Extract*, Sambucus Nigra Fruit Extract, Menyanthes trifoliata (Buckbean) Flower Extract, Aroma**, Citral, Citronellol, Eugenol, Geraniol, Limonene, Linalool.",True,True,True,True,True,673
"Treatment","PERRICONE MD","Cold Plasma+ Face","149.00","4.1","Water, Glycerin, Isopropyl Palmitate, Cetearyl Alcohol, Glyceryl Stearate, PEG-100 Stearate, Butylene Glycol, Phosphatidylcholine, Tetrahexyldecyl Ascorbate, Dimethyl MEA, Acetyl Hexapeptide-8, Palmitoyl Tripeptide-1, Palmitoyl Tetrapeptide-3, Tyrosine, Glycolic Acid, Helianthus Annuus (Sunflower) Seed Oil, Magnesium Aspartate, Zinc Gluconate, Rosmarinus O_cinalis (Rosemary) Leaf Extract, Copper Gluconate, Sodium Hyaluronate, Retinyl Palmitate, Echium Plantagineum Seed Oil, Hydrolyzed Myrtus Communis Leaf Extract, Copper Tripeptide-1, Dimethicone, Disodium EDTA, Carbomer, Ceteareth-20, Cyclopentasiloxane, Caprylyl Glycol, Cetearyl Alcohol, Cyclohexasiloxane, Polysorbate 20, Zea Mays (Corn) Oil, Phenoxyethanol, Sorbic Acid.",True,True,True,True,True,677
"Treatment","FOREO","Espada Acne-Clearing Blue Light Pen","149.00","3.9","Visit the Foreo boutique",True,True,True,True,True,705
"Treatment","LIGHTSTIM","Lightstim® for Acne","169.00","4","Visit the LightStim boutique",True,True,True,True,True,708
"Treatment","ALGENIST","GENIUS Ultimate Anti-Aging Vitamin C+ Serum","118.00","3.9","Water, Glycerin, Butylene Glycol, 3-O-Ethyl Ascorbic Acid, Polymethylsilsesquioxane, Sodium Citrate, Hydroxyethyl Acrylate/Sodium Acryloyldimethyl Taurate Copolymer, Niacinamide, Ethoxydiglycol, Algae Exopolysaccharides, Chlorella Protothecoides Oil, Vinyl Dimethicone/ Methicone Silsesquioxane Crosspolymer, Citric Acid, Algae Extract, Peg-12 Dimethicone, Palmitoyl Oligopeptide, Palmitoyl Tetrapeptide-7, Caprylyl Glycol, Xanthan Gum, Vegetable Collagen, Ethylhexylglycerin, Hexylene Glycol, Disodium EDTA, Plantago Lanceolata Leaf Extract, Sorbitan Isostearate, Polysorbate 60, Sodium Lauroyl Lactylate, Carbomer, Polysorbate 20, Ceramide NP, Ceramide AP, Ceramide EOP, Phytosphingosine, Cholesterol, Leuconostoc/Radish Root Ferment Filtrate, Phenoxyethanol, Fragrance, Coumarin.",True,True,True,True,True,717
"Treatment","AMOREPACIFIC","FUTURE RESPONSE Age Defense Serum","160.00","4.2","Camellia Sinensis Leaf Water, Butylene Glycol, Glycerin, Squalane, Dimethicone, Alcohol, Pentaerythrityl Tetraisostearate, Water, Hydroxyethyl Acrylate/Sodium Acryloyldimethyl Taurate Copolymer, Epigallocatechin Gallate, Tricholoma Matsutake Extract, Camellia Sinensis Leaf Extract, Camellia Sinensis Leaf Powder, Opuntia Coccinellifera Fruit Extract, Madecassoside, Glycine Soja (Soybean) Seed Extract, Beta-Glucan, Theanine, Adenosine, Tocophersolan, Nylon-12, Cetearyl Alcohol, Polysorbate 60, Propanediol, Glyceryl Caprylate, Kaolin, Cetearyl Glucoside, Ethylhexylglycerin, Poloxamer 235, Polyglutamic Acid, Ethoxydiglycol, Poloxamer 338, 1,2-Hexanediol, Caprylyl Glycol, Disodium Edta, Phenoxyethanol, Fragrance.",True,True,True,True,True,743
"Treatment","PERRICONE MD","Essential Fx Acyl-Glutathione Deep Crease Serum","179.00","4.6","Water, Propanediol, Squalane, Hydrogenated Polyisobutene, S-Palmitoylglutathione, Dimethicone, Glycerin, Macadamia Ternifolia Seed Oil, Xylitylglucoside, Tetrahexyldecyl Ascorbate, Dimethyl MEA, Palmitoyl Tripeptide-5, Acetyl Hexapeptide-8, Anhydroxylitol, Lactic Acid, Xylitol, Xanthan Gum, Linum Usitatissimum (Linseed) Seed Oil, Salvia Hispanica Seed Oil, Tocopherol, Ethylhexylglycerin, Magnesium Aspartate, Zinc Gluconate, Alaria Esculenta Extract, Glucose, Sodium Hyaluronate, Copper Gluconate, Tetradecyl Aminobutyroylvalylaminobutyric Urea Trifluoroacetate, Palmitoyl Dipeptide-5 Diaminobutyroyl Hydroxythreonine, Helianthus Annuus (Sunflower) Seed Oil, Rosmarinus Officinalis (Rosemary) Leaf Extract, Tetrasodium Glutamate Diacetate, Magnesium Chloride, Caprylic/Capric Triglyceride, Acrylates/C10-30 Alkyl Acrylate Crosspolymer, Caprylyl/Capryl Glucoside, Caprylyl Glycol, Potassium Sorbate, Phenoxyethanol, Fragrance, Citronellol, Hydroxycitronellal, Limonene, Linalool.",True,True,True,True,True,755
"Treatment","BIOEFFECT","EGF Day Serum","145.00","4.6","Water, Propylene Glycol, Glycerin, Sorbitol, Carbomer, Sodium Hyaluronate, Phenoxyethanol, Sodium Chloride, Hordeum Vulgare Seed Exract, EGF (Barley Sh-Oligopeptide-1).",True,True,True,True,True,779
"Treatment","DIOR","Diorsnow Essence of Light Pure Concentrate of Light Brightening Milk Serum","140.00","4.5","Visit the Dior boutique",True,True,True,True,True,783
"Treatment","SHISEIDO","Future Solution LX Intensive Firming Contour Serum","300.00","4.3","Dimethicone, Dipropylene Glycol, Glycerin, Bis-Peg-18 Methyl Ether Dimethyl Silane, Peg-75, Diphenylsiloxy Phenyl Trimethicone, Bis-Diglyceryl Polyacyladipate-2, Piperidinepropionic Acid, Trimethylsiloxysilicate, Polysilicone-11, Polysorbate 20, Peg-10 Dimethicone, Pentaerythrityl Tetraethylhexanoate, Phenoxyethanol, Sodium Acrylate/Sodium Acryloyldimethyl Taurate Copolymer, Peg-60 Glyceryl Isostearate, Butylene Glycol, Isostearic Acid, Isohexadecane, Sodium Citrate, Succinoglycan, Acrylates/C10-30 Alkyl Acrylate Crosspolymer, Tocopheryl Acetate, Sodium Hyaluronate, Fragrance (Parfum), Polysorbate 80, Potassium Hydroxide, Lauryl Betaine, Bht, 2-O-Ethyl Ascorbic Acid, Xanthan Gum, Citric Acid, Sodium Metabisulfite, Disodium Edta, Sorbitan Oleate, Sodium Metaphosphate, Alcohol, Linalool, Glycyrrhiza Glabra (Licorice) Root Extract, Butylphenyl Methylpropional, Limonene, Iron Oxides (Ci 77492), Alpha-Isomethyl Ionone, Prunus Speciosa Leaf Extract, Citronellol, Geraniol, Benzyl Benzoate, Angelica Acutiloba Root Extract, Rubus Suavissimus (Raspberry) Leaf Extract, Isodonis Japonicus Leaf/Stalk Extract, Iron Oxides (Ci 77491), Hibiscus Esculentus Fruit Extract, Camellia Sinensis Leaf Extract, Tocopherol, Sodium Benzoate.",True,True,True,True,True,797
"Treatment","FRESH","Crème Ancienne® Supreme Face Serum","240.00","4.8","Zingiber Officinale (Ginger) Water, Water, Glycerin, Squalane, Butylene Glycol, Limnanthes Alba (Meadowfoam) Seed Oil, Pentylene Glycol, Polyglycerin-3, Steareth-21, Glyceryl Stearate, Helianthus Annuus (Sunflower) Seed Oil, Zingiber Zerumbet Extract, Panax Notoginseng Root Extract, Alpinia Galanga Leaf Extract, Commiphora Mukul Resin Extract, Echinacea Purpurea Extract, Calophyllum Inophyllum Seed Oil, Zingiber Officinale (Ginger) Root Extract, Panax Ginseng Root Extract, Adenosine, Tocopherol, Steareth-2, Caprylic/Capric Triglyceride, Polyacrylamide, Acrylates/C10-30 Alkyl Acrylate Crosspolymer, C13-14 Isoparaffin, Fragrance, Xanthan Gum, Tromethamine, Tetrasodium EDTA, Caramel, Laureth-7, BHT, Sodium Metabisulfite, Phenoxyethanol, Benzyl Salicylate.",True,True,True,True,True,818
"Treatment","FRESH","Crème Ancienne Face Oil Elixir","265.00","3.6","Limnanthes Alba (Meadowfoam) Seed Oil, Simmondsia Chinensis (Jojoba) Seed Oil, Triticum Vulgare (Wheat) Germ Oil, Ribes Nigrum (Black Currant) Seed Oil, Hippophae Rhamnoides Oil, Commiphora Mukul Resin Extract, Helianthus Annuus (Sunflower) Seed Oil, Rosmarinus Officinalis (Rosemary) Leaf Extract, Ascorbyl Palmitate, Caprylic/Capric Triglyceride, Dipalmitoyl Hydroxyproline, Palmitic Acid.",True,True,True,True,True,825
"Face Mask","SK-II","Facial Treatment Mask","135.00","4.4","Water, Saccharomycopsis Ferment Filtrate*, Butylene Glycol, Xanthan Gum, Sodium Salicylate, Methylparaben, Disodium EDTA. *Pitera.",True,True,True,True,True,835
"Face Mask","SK-II","Overnight Miracle Mask","105.00","3.8","Galactomyces Ferment Filtrate*, Water, Glycerin, Butylene Glycol, Xylitol, Dipropylene Glycol, Cyclopentasiloxane, Dimethicone, Fragrance, Aluminum Starch Octenylsuccinate, Acrylates/C10-30 Alkyl Acrylate Crosspolymer, Glycereth-25 Pca Isostearate, Aminomethyl Propanol, Dimethiconol, Polymethylsilsesquioxane, Mica, Sodium Benzoate, Phenoxyethanol, Methylparaben, Disodium Edta, Albizia Julibrissin Bark Extract, Methicone, Ci 77891, Ci 77492. *Pitera.",True,True,True,True,True,859
"Face Mask","GLAMGLOW","The Ultimate Glow Set","169.00","0","-Charcoal: Detoxifies. -Volcanic Pumice: Exfoliates. -Witch Hazel: Tones. SUPERMUD® Clearing Treatment: Water, Kaolin, Magnesium Aluminum Silicate, Mandelic Acid, Carbon, Eucalyptus Globulus Leaf, Tartaric Acid, Pyruvic Acid, Lactic Acid, Salicylic Acid, Glycolic Acid, Eucalyptus Globulus Leaf Powder, Aloe Barbadensis Leaf Juice, Glycyrrhiza Glabra (Licorice) Root Extract, Cucumis Sativus (Cucumber) Fruit Extract, Hedera Helix (Ivy) Extract, Symphytum Officinale (Comfrey) Leaf Extract, Chamomilla Recutita (Matricaria) Extract, Peg-12 Dimethicone, Caprylyl Glycol, Sodium Hydroxide, Butylene Glycol, Mentha Piperita (Peppermint) Oil, Hectorite, Hexylene Glycol, Glycerin, Calendula Officinalis Extract, Maltodextrin, Ethylhexylglycerin, Xanthan Gum, Fragrance, Limonene, Benzyl Benzoate, Linalool, Phenoxyethanol, Potassium Sorbate, Sodium Benzoate, Iron Oxides (Ci 77499). THIRSTYMUD™ Hydrating Treatment: Water, Caprylic/Capric Triglyceride, Glycerin, Butylene Glycol, Cyclopentasiloxane, Glyceryl Polymethacrylate, Pyrus Malus (Apple) Fruit Extract, Peg-8, Glyceryl Stearate, Peg-100 Stearate, Cetearyl Alcohol, Sodium Polyacryloyldimethyl Taurate, Saccharide Isomerate, Caprylyl Glycol, Olea Europaea (Olive) Leaf Powder, Avena Sativa (Oat) Bran Extract, Hydrogenated Polydecene, Polysorbate 60, Cetyl Alcohol, Zingiber Officinale (Ginger) Root Extract, Menthoxypropanediol, Honey/Mel/Miel, Aminomethyl Propanol, Camellia Sinensis (Green Tea) Leaf Powder, Acrylates/C10-30 Alkyl Acrylate Crosspolymer, Ethylhexylglycerin, Tocopheryl Acetate, Allantoin, Kaolin, Hexylene Glycol, Buteth-3, Trideceth-10, Benzophenone-4, Sodium Benzotriazolyl Butylphenol Sulfonate, Cocos Nucifera (Coconut) Fruit Extract, Sodium Hyaluronate, Alcohol, Tris(Tetramethylhydroxypiperidinol) Citrate, Fragrance, Coumarin, Linalool, Tetrahexyldecyl Ascorbate, Disodium Edta, Sodium Benzoate, Potassium Sorbate, Phenoxyethanol Gold GRAVITYMUD™ Firming Treatment: Water, Polyvinyl Alcohol, Alcohol Denat., Butylene Glycol, Glycerin, Ethylhexyl Hydroxystearate, Hamamelis Virginiana (Witch Hazel) Water, Montmorillonite, Pentylene Glycol, Illite, Polysorbate 20, Canadian Colloidal Clay, Caprylyl Glycol, Althaea Officinalis Leaf Extract, Tapioca Starch, Chondrus Crispus (Carrageenan), Colloidal Platinum, Dipotassium Glycyrrhizate, Alcohol, Ascophyllum Nodosum Powder, Polysorbate 80, Polymethylsilsesquioxane, Hydroxypropyl Methylcellulose, Citric Acid, Lecithin, Pullulan, Porphyridium Cruentum Extract, Soy Isoflavones, Sodium Hyaluronate, Xanthan Gum, Fragrance, Coumarin, Disodium Edta, Phenoxyethanol, Sorbic Acid, Potassium Sorbate, Bismuth Oxychloride (Ci 77163). #GLITTERMASK GRAVITYMUD™ Firming Treatment: -TEAOXI® Complex (Licorice and Marshmallow Leaf): Creates a firmer-looking complexion. -Vizitight (Firming Matrix, Marine Algae Plasma, and Biodefine Polymers): Delivers tighter-looking skin. -Lunarlift: Tones and tightens the appearance of skin with soy isoflavone liposome red algae extract. -Cosmiplexion (Icelandic Kelp, Hyaluronic Acid, and Glacial Clay): Supports a youthful appearance.",True,True,True,True,True,871
"Face Mask","SK-II","Brightening Derm Revival Mask","170.00","4.5","Water, Galactomyces Ferment Filtrate (Pitera), Butylene Glycol, Niacinamide, Glycerin, Pentylene Glycol, Ascorbyl Glucoside, Inositol, Acrylates/C10-30 Alkyl Acrylate Crosspolymer, Hexapeptide-11, Sodium Hydroxide, Disodium EDTA, Benzyl Alcohol, Methylparaben, Phenoxyethanol.",True,True,True,True,True,877
"Face Mask","FRESH","Crème Ancienne® Ultimate Nourishing Honey Mask","150.00","4.2","Mel (Honey), Propylene Glycol Dicaprylate/Dicaprate, Stearalkonium Hectorite, PEG-7 Glyceryl Cocoate, Limnanthes Alba (Meadowfoam) Seed Oil, Jojoba Oil PEG-150 Esters, Pentylene Glycol, Butyrospermum Parkii (Shea Butter), Propylene Carbonate, Echinacea Purpurea Extract, Sucrose Laurate, Hippophae Rhamnoides Oil, Cera Alba (Beeswax), Rosa Damascena Flower Water, Citrus Limon (Lemon) Peel Oil, Osmanthus Fragrans Flower Extract, Anthemis Nobilis Flower Oil, Rosmarinus Officinalis (Rosemary) Leaf Extract, Tocopherol, Water, Caprylic/Capric Triglyceride, Glycerin, Sodium Metabisulfite, Citric Acid, Limonene, Citronellol.",True,True,True,True,True,884
"Face Mask","LA MER","Treatment Lotion Hydrating Mask","150.00","4.1","Water, Algae (Seaweed) Extract, Glycerin, Methyl Gluceth-20, Bis-Peg-18 Methyl EtherDimethyl Silane, Butylene Glycol, Hypnea Musciformis (Algae) Extract, Sucrose, Propanediol, Sesamum Indicum (Sesame) Seed Oil, Medicago Sativa (Alfalfa) Seed Powder, Helianthus Annuus (Sunflower) Seedcake, Prunus Amygdalus Dulcis (Sweet Almond) Seed Meal, Eucalyptus Globulus (Eucalyptus) Leaf Oil, Sodium Gluconate, Copper Gluconate, Calcium Gluconate, Magnesium Gluconate, Zinc Gluconate, Tocopheryl Succinate, Niacin, Sesamum Indicum (Sesame) Seed Powder, Citrus Aurantifolia (Lime) Peel Extract, Glycine Soja (Soybean) Seed Extract, Acetyl Hexapeptide-8, Acetyl Dipeptide-1 Cetyl Ester, Sea Salt\Maris Sal\Sel Marin, Codium Tomentosum Extract, Gelidiella Acerosa Extract, Caffeine, Laminaria Saccharina Extract, Alcaligenes Polysaccharides, Dipotassium Glycyrrhizate, Glycereth-26, Laminaria Digitata Extract, PlanktonExtract, Glycosaminoglycans, Palmaria Palmata Extract, Peg-8, Ethylhexylglycerin, Sodium Pca, Urea, Ppg-5-Ceteth-20, Jojoba Wax Peg-120 Esters, Polysorbate 20, Carbomer, Yeast Extract\Faex\Extrait De Levure, Sodium Hyaluronate, Xanthan Gum, Pentylene Glycol, Trehalose, Laureth-3, Hydrolyzed Yeast Protein, Hydroxyethylcellulose, Caprylyl Glycol, Fragrance, Tourmaline, Hydroxypropyl Cyclodextrin, Glycine Soja (Soybean) Protein, Alcohol Denat., Sodium Hydroxide, Lecithin, Polyquaternium-51, Disodium Edta, Citronellol, Geraniol, Hydroxycitronellal, Linalool, Limonene, Potassium Sorbate, Chlorphenesin, Phenoxyethanol.",True,True,True,True,True,950
"Face Mask","LANCER","Radiance Awakening Mask Intense","140.00","4","Water, Caprylic/Capric Triglyceride, Neopentyl Glycol Diheptanoate, Niacinamide, Tetrahexyldecyl Ascorbate, Bis-Stearyl Dimethicone, Isopropyl Isostearate, Cetearyl Alcohol, Squalane, Cetyl Palmitate, Stearyl Alcohol, Glyceryl Stearate, Polymethylsilsesquioxane, Panthenol, Ceteareth-20, Oryza Sativa (Rice) Bran Extract, Rosmarinus Officinalis (Rosemary) Leaf Extract, Helianthus Annuus (Sunflower) Seed Extract, Sodium Hyaluronate, Galactoarabinan, Actinidia Polygama Fruit Extract, Prunus Mume Fruit Extract, Bisabolol, Chondrus Crispus Extract, Gluconolactone, Phenylethyl Resorcinol, HDI/Trimethylol Hexyllactone Crosspolymer, Stearyl Glycyrrhetinate, Tocopherol, Caprylyl/Capryl Glucoside, PEG-40 Stearate, Sodium Acrylate/Sodium Acryloyldimethyl Taurate Copolymer, Polyisobutene, Xanthan Gum, Sorbitan Oleate, Silica, Disodium EDTA, Caprylyl Glycol, Ethylhexylglycerin, Hexylene Glycol, Citric Acid, Sodium Benzoate, Phenoxyethanol, Titanium Dioxide (CI 77891).",True,True,True,False,True,1076
"Face Mask","LANCER","Younger® Revealing Mask Intense","250.00","4.3","Iron Powder, Dimethicone, Polymethylsilsesquioxane, Cetearyl Dimethicone, Polysilicone-11, Dimethicone/Divinyldimethicone/Silsesquioxane Crosspolymer, Hydrogenated Coco-Glycerides, Tribehenin, Caprylic/Capric Triglyceride, Glyceryl Stearate, Hydroxypinacolone Retinoate, Isohexadecane, Cetearyl Alcohol, Stearyl Alcohol, Behenyl Alcohol, Palmitic Acid, Stearic Acid, Ammonium Polyacryloyldimethyl Taurate, Polysorbate 20, Polysorbate 80, Tocopheryl Acetate, Menthoxypropanediol, Vanillyl Butyl Ether, Dimethyl Isosorbide.",True,True,True,True,True,1084
"Face Mask","LANCER","Lift & Plump Sheet Mask with Vegan Stem Cell Complex","120.00","3.9","Water, Sodium Hyaluronate, Rosa Centifolia Flower Water, Glycerin, 1,3-Butylene Glycol, Ginkgo Biloba Extract, Calendula Officinalis Flower Extract, Centella Extract, Algae Extract, Panthenol, Palmitoyl Pentapeptide-3, Olive (Olea Europaea) Leaf Extract, Niacinamide, Dipotassium Glycyrrhizinate, Malus Domestica Fruit Cell Culture Extract, Phenoxyethanol, Ethylhexylglycerin, Xanthan Gum, Lecithin.",True,True,True,True,True,1091
"Face Mask","EVE LOM","WHITE Brightening Mask","160.00","2.7","Water, Glycerin, Propanediol, Pentylene Glycol, Niacinamide, Butyrospermum Parkii (Shea) Butter, Squalane, Ppg-10 Methyl Glucose Ether, Panthenol, Ascorbyl Glucoside, Allantoin, Phytosteryl/Octyldodecyl Lauroyl Glutamate, Tocopheryl Acetate, Polyglyceryl-10 Laurate, Glyceryl Stearate Se, Cetyl Alcohol, Carbomer, Olea Europaea (Olive) Fruit Oil, Disodium Edta, Citric Acid, Sodium Citrate, Potassium Hydroxide, Methyl Undecenoyl Leucinate, Glycyrrhiza Glabra (Licorice) Root Extract, Sodium Hyaluronate, Sodium Pca, Phenoxyethanol.",True,True,True,True,True,1096
"Eye cream","SK-II","R.N.A. POWER Anti-Aging Eye Cream","135.00","4.3","Water, Glycerin, Galactomyces Ferment Filtrate*, Niacinamide, Isohexadecane, Butylene Glycol Pentylene Glycol, Isopropyl Isostearate, Petrolatum, Dimethicone, Caprylic/Capric Triglyceride, Vinyl Dimethicone/ Methicone Silsesquioxane Crosspolymer, Polyacrylamide, Phytosteryl/Behenyl/ Octyldodecyl Lauroyl Glutamate, Stearyl Alcohol, Cetyl Alcohol, C13-14 Isoparaffin, Behenyl Alcohol Tocopheryl Acetate, Polymethylsilsesquioxane, Panthenol, Nylon- 12, Benzyl Alcohol, Dimenthiconol, Methylparaben, Peg-100 Stearate, Laureth- 7, Cetearyl Glucoside, Cetearyl Alcohol, Stearic Acid, Mica, Disodium Edta, Propylparaben, Sodium Peg-7 Olive Oil Carboxylate, Ethylparaben, Peg-7 Glyceryl Cocoate, Chlorella Vulgaris Extract, Sodium Hydroxide, Hydrolyzed Lupine Protein, Decyl Glucoside, Medicago Sativa Extract/ Medicago Sativa (Alfalfa) Extract, Phenoxyethanol, Lactic Acid, Sodium Benzoate, Hydrolyzed Soy Protein, Polyquaternium-7, Tin Oxide, Ethylhexylglycerin, Palmitoyl Dipeptide- 7, Hydrolyzed Yeast Protein, Acanthopanax Senticosus Root Extract/ Acanthopanax Senticosus (Eleuthero) Root Extract, Palmitoyl Pentapeptide-4, Methylsilanol Tri-Peg-8 Glyceryl Cocoate, Ammonium Polyacrylate, Methicone, Tocopherol, Cynara Scolymus Leaf Extract/ Cynara Scolymus (Artichoke) Leaf Extract, Bht, Parfum (Fragance), Limonene, Linalool, Ci 77891 (Titanium Dioxide, Cl 77492 (Iron Oxides). *Pitera™.",True,True,True,True,True,1129
"Eye cream","SHISEIDO","Future Solution LX Eye and Lip Contour Regenerating Cream","150.00","3.9","Glycerin, Dimethicone, Dipropylene Glycol, Butylene Glycol, Trehalose, Petrolatum, Mineral Oil(Paraffinum Liquidum/Huile Minerale), Diisostearyl Malate, Myristyl Myristate, Hdi/Trimethylol Hexyllactone Crosspolymer, Dimethicone Crosspolymer, Behenyl Alcohol, Glyceryl Stearate Se, Silica, Stearyl Alcohol, Pentaerythrityl Tetraethylhexanoate, Pentaerythrityl Tetrabehenate/Benzoate/Ethylhexanoate, Piperidinepropionic Acid, Batyl Alcohol, Isododecane, Phenoxyethanol, Peg-40 Stearate, Titanium Dioxide (Ci 77891), Dimethylacrylamide/Sodium Acryloyldimethyltaurate Crosspolymer, Polyisobutene, Fragrance (Parfum), Sorbitan Tristearate, Tocopheryl Acetate, Acrylates/Steareth-20 Methacrylate Copolymer, Sodium Citrate, Mica, Bht, 2-O-Ethyl Ascorbic Acid, Peg-240/Hdi Copolymer Bis-Decyltetradeceth-20 Ether, Barium Sulfate, Sodium Metabisulfite, Trisodium Edta, Aluminum Hydroxide, Potassium Hydroxide, Iron Oxides (Ci 77492), Sodium Metaphosphate, Citric Acid, Linalool, Alcohol, Butylphenyl Methylpropional, Limonene, Saccharomyces Ferment Lysate Filtrate, Alpha-Isomethyl Ionone, Citronellol, Geraniol, Benzyl Benzoate, Prunus Speciosa Leaf Extract, Iron Oxides (Ci 77491), Angelica Acutiloba Root Extract, Isodonis Japonicus Leaf/Stalk Extract, Alumina, Sodium Lauryl Sulfate, Polymethyl Methacrylate, Hibiscus Esculentus Fruit Extract, Camellia Sinensis Leaf Extract, Houttuynia Cordata Extract, Tocopherol.",True,True,True,True,True,1149
"Eye cream","FRESH","Crème Ancienne Supreme Eye Serum","165.00","5","Water, Glycerin, Butylene Glycol, Cetearyl Isononanoate, Ethylene/Acrylic Acid Copolymer, Propanediol, Limnanthes Alba (Meadowfoam) Seed Oil, Albizia Julibrissin Bark Extract, Helianthus Annuus (Sunflower) Seed Oil, Alpinia Galanga Leaf Extract, Commiphora Mukul Resin Extract, Zingiber Officinale (Ginger) Root Extract, Panax Ginseng Root Extract, Siegesbeckia Orientalis Extract, Tocopherol, Adenosine, Diglycerin, Polyacrylate-13, Hydrogenated Palm Kernel Glycerides, Caprylic/Capric Triglyceride, Chlorphenesin, Acrylates/C10-30 Alkyl Acrylate Crosspolymer, Polyisobutene, Poloxamer 407, Xanthan Gum, Sodium Hydroxide, Parfum (Fragrance), Disodium EDTA, Sorbitan Isostearate, Hydrogenated Palm Glycerides, Glyceryl Acrylate/Acrylic Acid Copolymer, Polysorbate 20, Biosaccharide Gum-2, Caramel, Sodium Metabisulfite, Sodium Benzoate, Phenoxyethanol, Benzyl Salicylate.",True,True,True,True,True,1187
"Eye cream","PERRICONE MD","Cold Plasma+ Eye","110.00","4","Water, Isopropyl Palmitate, Cetearyl Alcohol, Glyceryl Stearate, PEG-100 Stearate, Hydrolyzed Jojoba Esters, Ceteareth-20, Olea Europaea (Olive) Fruit Oil, Tetrahexyldecyl Ascorbate, Benzyl Alcohol, Phosphatidylcholine, Acetyl Tetrapeptide-5, Palmitoyl Tripeptide-1, Palmitoyl Tetrapeptide-7, Echium Plantagineum Seed Oil, Helianthus Annuus (Sunflower) Seed Oil, Copper Tripeptide-1, Magnesium Aspartate, Zinc Gluconate, Rosmarinus O_cinalis (Rosemary) Leaf Extract, Copper Gluconate, N-Hydroxysuccinimide, Tocopherol, Sodium Hyaluronate, Chrysin, Disodium EDTA, Hydrogenated Vegetable Oil, Glycerin, Dimethicone, Cyclopentasiloxane, Steareth-20, Silica, Titanium Dioxide (CI 77891), Iron Oxides (CI 77491).",True,True,True,True,True,1204
"Eye cream","DR. DENNIS GROSS SKINCARE","SpectraLite EyeCare Pro LED Device","159.00","3.9","Visit the Dr. Dennis Gross Skincare boutique",True,True,True,True,True,1209
"Eye cream","GUERLAIN","Orchidee Imperiale The Eye and Lip Contour Cream","200.00","3","Visit the Guerlain boutique",True,True,True,True,True,1211
"Eye cream","TATA HARPER","Illuminating Eye Crème","105.00","3","Aloe Barbadensis Leaf Juice, Shea Butter Ethyl Esters, Aqua/Water/Eau, Lavendula Angustifolia (Lavender) Flower Water, Propanediol, Caprylic/Capric Triglyceride, Olea Europea (Olive) Oil, Carthamus Tinctorius (Safflower) Oleosomes, Cetearyl Alcohol, Mica, Mangifera Indica (Mango) Seed Butter, Glycerin, Cetearyl Olivate, Centella Asiatica (Gotu Kola) Extract, Leuconostoc Ferment Filtrate, Silybum Marianum (Milk Thistle) Ethyl Ester, Beta Vulgaris/ Beet Root Extract/ Extrait De Racine De Betterave, Euphrasia Officinalis (Eyebright) Extract, Diamond Powder, Hyaluronic Acid, Sodium Hyaluronate, Polygonum Fagopyrum (Buckwheat) Seed Extract, Pheonix Dactylifera (Date) Seed Extract, Lavandula Stoechas (Spanish Lavender) Extract, Leuconostoc/ Radish Root Ferment Filtrate, Narcissus Tazetta (Daffodil) Bulb Extract, Borago Officinalis (Borage) Leaf Extract, Calendula Officinalis (Calendula) Flower Extract, Medicago Sativa (Alfalfa) Extract, Spiraea Ulmaria Flower Extract, Sabucus Nigra Fruit Extract, Lactobacillus/ Arundinaria Gigantea Ferment Filtrate, Oryza Sativa (Rice) Extract, Arnica Montana (Arnica) Extract, Menyanthes Trifoliata (Buckbean) Flower Extract, Cetearyl Glucoside, Sorbitan Olivate, Sclerotium Gum, Hydrolyzed Corn Starch, Cetyl Palmitate, Sorbitan Palmitate, Hydrogenated Vegetable Oil, Sodium Phytate, Superoxide Dismutase, Soybean Peroxidase, Iron Oxides, Aroma, Citral, Citronellol, Eugenol, Geraniol, Limonene, Linalool.",True,True,True,True,True,1283
"Eye cream","SK-II","Ultimate Revival Eye Cream","195.00","3","Water, Galactomyces Ferment Filtrate*, Glycerin, Niacinamide, Isopropyl Isostearate, Isohexadecane, Butylene Glycol, Caprylic/Capric Triglyceride, Pentylene Glycol, Dimethicone, Stearyl Alcohol, Inositol, Petrolatum, Polyacrylamide, Cetyl Alcohol, Vinyl Dimethicone/Methicone Silsesquioxane Crosspolymer, Behenyl Alcohol, C13-14 Isoparaffin, Panthenol, Tocopheryl Acetate, Titanium Dioxide, Benzyl Alcohol, Polymethylsilsesquioxane, Dimethiconol, Methylparaben, Cetearyl Alcohol, Cetearyl Glucoside, Laureth-7, PEG-100 Stearate, Stearic Acid, Xanthan Gum, Disodium EDTA, Crithmum Maritimum Extract, Propylparaben, Ethylparaben, Palmaria Palmata Extract, Oryza Sativa (Rice) Bran Extract, Peg-7 Glyceryl Cocoate, Sodium Hydroxide, Fragrance, Polyquaternium-7, Litchi Chinensis Pericarp Extract, Saccharomyces Cerevisiae Extract, Palmitoyl Dipeptide-7, Methylsilanol Tri-PEG-8 Glyceryl Cocoate, Methicone, Hexapeptide-3, Ci 77492. *Pitera.",False,True,True,False,True,1284
"Sun protect","AMOREPACIFIC","FUTURE RESPONSE Age Defense Creme SPF 30","195.00","3.8","Water, Butylene Glycol, Octocrylene, Ethylhexyl Methoxycinnamate, Ethylhexyl Salicylate, Titanium Dioxide, C12-15 Alkyl Benzoate, Cyclopentasiloxane, Cetearyl Alcohol, Cyclohexasiloxane, 1,2-Hexanediol, Tricholoma Matsutake Extract, Camellia Sinensis Leaf Extract, Camellia Sinensis Leaf Powder, Methoxy Peg-114/Polyepsilon Caprolactone, Peg-100 Stearate, Glyceryl Stearate, Aluminum Stearate, Polyacrylate-13, Polyhydroxystearic Acid, Alumina, Hydroxyethyl Acrylate/Sodium Acryloyldimethyl Taurate Copolymer, Polyisobutene, Stearic Acid, Carbomer, Polysorbate 20, Epigallocatechin Gallate, Polyglutamic Acid, Theanine, Caprylyl Glycol, Ethylhexylglycerin, Disodium Edta, Fragrance, Iron Oxides.",True,True,True,True,True,1356
"Sun protect","SHISEIDO","Future Solution LX Total Protective Cream Broad Spectrum SPF 20 Sunscreen","260.00","5","Glycerin, Dipropylene Glycol, Behenyl Alcohol, Butylene Glycol, Isohexadecane, Sd Alcohol 40-B, Silica, Caprylic/Capric Triglyceride, Myristyl Myristate, Dimethicone, Polybutylene Glycol/Ppg-9/1 Copolymer, Sorbitol, Stearyl Alcohol, Phytosteryl Macadamiate, Tocopheryl Acetate, Peg/Ppg-17/4 Dimethyl Ether, Piperidinepropionic Acid, 2-O-Ethyl Ascorbic Acid, Prunus Speciosa Leaf Extract, Angelica Acutiloba Root Extract, Isodonis Japonicus Leaf/Stalk Extract, Camellia Sinensis Leaf Extract, Zanthoxylum Piperitum Peel Extract, Beheneth-20, Succinoglycan, Trisodium Edta, Sodium Citrate, Alcohol, Bht, Sodium Metaphosphate, Citric Acid, Talc, Dextrin Palmitate, Tocopherol, Methylparaben, Ethylparaben, Fragrance, Iron Oxides.",True,True,True,True,True,1360
"Sun protect","SHISEIDO","Future Solution LX Total Protective Emulsion Broad Spectrum SPF 20 Sunscreen","260.00","3","Dipropylene Glycol, Sd Alcohol 40-B, Glycerin, Hydrogenated Polydecene, Xylitol, Isododecane, Dimethicone, Peg-5 Glyceryl Stearate, Isostearic Acid, Silica, Phenyl Trimethicone, Triethanolamine, Xanthan Gum, Tocopheryl Acetate, Peg/Ppg-17/4 Dimethyl Ether, Piperidinepropionic Acid, Phytosteryl Macadamiate, 2-O-Ethyl Ascorbic Acid, Prunus Speciosa Leaf Extract, Angelica Acutiloba Root Extract, Isodonis Japonicus Leaf/Stalk Extract, Camellia Sinensis Leaf Extract, Zanthoxylum Piperitum Peel Extract, Ppg-17, Glyceryl Stearate Se, Behenyl Alcohol, Behenic Acid, Stearic Acid, Batyl Alcohol, Peg-30 Phytosterol, Butylene Glycol, Carbomer, Disodium Edta, Alcohol, Bht, Cellulose Gum, Sodium Metaphosphate, Talc, Dextrin Palmitate, Tocopherol, Ethylparaben, Methylparaben, Fragrance, Iron Oxides.",True,True,True,True,True,1455
